Z,Element_Name,Ionization_eV,Waveform
1,Hydrogen,13.598434599702,"0.000000,0.003477,0.006954,0.010432,0.013909,0.017386,0.020862,0.024339,0.027815,0.031290,0.034766,0.038241,0.041715,0.045189,0.048663,0.052136,0.055608,0.059079,0.062550,0.066020,0.069489,0.072958,0.076426,0.079892,0.083358,0.086822,0.090286,0.093749,0.097210,0.100670,0.104129,0.107587,0.111043,0.114498,0.117952,0.121404,0.124855,0.128305,0.131752,0.135199,0.138643,0.142086,0.145527,0.148966,0.152404,0.155840,0.159274,0.162705,0.166135,0.169563"
2,Helium,24.587389011,"0.000000,0.002586,0.005172,0.007758,0.010344,0.012930,0.015515,0.018101,0.020686,0.023272,0.025857,0.028442,0.031027,0.033612,0.036196,0.038780,0.041364,0.043948,0.046531,0.049114,0.051697,0.054279,0.056861,0.059443,0.062024,0.064605,0.067185,0.069765,0.072345,0.074924,0.077502,0.080080,0.082657,0.085234,0.087811,0.090386,0.092961,0.095536,0.098110,0.100683,0.103255,0.105827,0.108398,0.110969,0.113538,0.116107,0.118675,0.121243,0.123809,0.126375"
3,Lithium,5.391714996,"0.000000,0.005522,0.011044,0.016566,0.022087,0.027608,0.033128,0.038647,0.044164,0.049680,0.055195,0.060708,0.066219,0.071728,0.077235,0.082740,0.088242,0.093741,0.099238,0.104731,0.110222,0.115709,0.121192,0.126672,0.132148,0.137619,0.143087,0.148550,0.154009,0.159463,0.164912,0.170356,0.175795,0.181229,0.186657,0.192079,0.197496,0.202906,0.208311,0.213709,0.219100,0.224485,0.229863,0.235234,0.240597,0.245954,0.251303,0.256644,0.261977,0.267303"
4,Beryllium,9.322699,"0.000000,0.004200,0.008399,0.012599,0.016798,0.020997,0.025195,0.029393,0.033591,0.037788,0.041984,0.046180,0.050374,0.054568,0.058761,0.062953,0.067144,0.071333,0.075522,0.079709,0.083894,0.088078,0.092261,0.096442,0.100621,0.104798,0.108974,0.113148,0.117319,0.121489,0.125656,0.129822,0.133985,0.138145,0.142303,0.146459,0.150612,0.154762,0.158910,0.163055,0.167197,0.171336,0.175472,0.179605,0.183735,0.187861,0.191984,0.196104,0.200221,0.204333"
5,Boron,8.298019,"0.000000,0.004451,0.008903,0.013354,0.017805,0.022255,0.026705,0.031155,0.035604,0.040052,0.044499,0.048946,0.053391,0.057836,0.062279,0.066721,0.071162,0.075602,0.080039,0.084476,0.088910,0.093343,0.097774,0.102203,0.106630,0.111055,0.115478,0.119899,0.124317,0.128732,0.133145,0.137556,0.141964,0.146368,0.150770,0.155169,0.159565,0.163958,0.168348,0.172734,0.177117,0.181496,0.185872,0.190244,0.194612,0.198976,0.203336,0.207693,0.212045,0.216393"
6,Carbon,11.260288,"0.000000,0.003821,0.007642,0.011464,0.015285,0.019105,0.022926,0.026746,0.030565,0.034385,0.038204,0.042022,0.045839,0.049656,0.053472,0.057288,0.061102,0.064916,0.068729,0.072541,0.076351,0.080161,0.083969,0.087776,0.091582,0.095387,0.099190,0.102992,0.106792,0.110590,0.114388,0.118183,0.121977,0.125768,0.129558,0.133346,0.137133,0.140917,0.144699,0.148479,0.152257,0.156032,0.159806,0.163577,0.167345,0.171111,0.174875,0.178636,0.182395,0.186151"
7,Nitrogen,14.53413,"0.000000,0.003363,0.006727,0.010090,0.013454,0.016817,0.020180,0.023542,0.026905,0.030267,0.033628,0.036990,0.040351,0.043711,0.047071,0.050431,0.053790,0.057148,0.060506,0.063863,0.067219,0.070574,0.073929,0.077283,0.080636,0.083988,0.087339,0.090689,0.094038,0.097386,0.100733,0.104079,0.107424,0.110767,0.114109,0.117450,0.120790,0.124128,0.127465,0.130800,0.134134,0.137466,0.140797,0.144126,0.147454,0.150780,0.154104,0.157426,0.160747,0.164066"
8,Oxygen,13.618055,"0.000000,0.003475,0.006949,0.010424,0.013899,0.017373,0.020847,0.024321,0.027795,0.031268,0.034741,0.038213,0.041685,0.045157,0.048628,0.052098,0.055568,0.059037,0.062505,0.065973,0.069440,0.072905,0.076371,0.079835,0.083298,0.086760,0.090221,0.093681,0.097140,0.100598,0.104054,0.107510,0.110964,0.114416,0.117868,0.121317,0.124766,0.128213,0.131658,0.135102,0.138544,0.141984,0.145423,0.148860,0.152295,0.155728,0.159160,0.162589,0.166017,0.169442"
9,Fluorine,17.42282,"0.000000,0.003072,0.006144,0.009216,0.012288,0.015360,0.018431,0.021503,0.024574,0.027645,0.030715,0.033786,0.036856,0.039926,0.042995,0.046064,0.049133,0.052201,0.055268,0.058335,0.061402,0.064468,0.067533,0.070598,0.073662,0.076725,0.079788,0.082850,0.085911,0.088971,0.092030,0.095089,0.098147,0.101203,0.104259,0.107314,0.110368,0.113420,0.116472,0.119523,0.122572,0.125620,0.128667,0.131713,0.134758,0.137801,0.140843,0.143884,0.146923,0.149961"
10,Neon,21.564541,"0.000000,0.002761,0.005523,0.008284,0.011045,0.013806,0.016567,0.019328,0.022089,0.024849,0.027609,0.030370,0.033130,0.035889,0.038649,0.041408,0.044166,0.046925,0.049683,0.052441,0.055198,0.057955,0.060711,0.063467,0.066223,0.068978,0.071732,0.074486,0.077239,0.079992,0.082744,0.085496,0.088247,0.090997,0.093746,0.096495,0.099243,0.101990,0.104737,0.107483,0.110228,0.112972,0.115715,0.118457,0.121199,0.123939,0.126679,0.129417,0.132155,0.134891"
11,Sodium,5.13907696,"0.000000,0.005656,0.011313,0.016968,0.022624,0.028278,0.033932,0.039585,0.045236,0.050886,0.056534,0.062180,0.067825,0.073467,0.079107,0.084744,0.090379,0.096011,0.101640,0.107265,0.112887,0.118506,0.124120,0.129731,0.135337,0.140940,0.146537,0.152130,0.157718,0.163301,0.168879,0.174452,0.180019,0.185580,0.191135,0.196684,0.202227,0.207763,0.213292,0.218815,0.224331,0.229840,0.235341,0.240835,0.246321,0.251799,0.257269,0.262731,0.268184,0.273629"
12,Magnesium,7.646236,"0.000000,0.004637,0.009274,0.013911,0.018548,0.023184,0.027820,0.032455,0.037089,0.041723,0.046356,0.050988,0.055618,0.060248,0.064876,0.069503,0.074128,0.078752,0.083373,0.087994,0.092612,0.097228,0.101842,0.106455,0.111064,0.115672,0.120276,0.124879,0.129478,0.134075,0.138669,0.143260,0.147848,0.152432,0.157014,0.161592,0.166166,0.170737,0.175305,0.179868,0.184428,0.188984,0.193535,0.198083,0.202626,0.207165,0.211699,0.216229,0.220754,0.225275"
13,Aluminum,5.985769,"0.000000,0.005241,0.010482,0.015723,0.020963,0.026203,0.031442,0.036680,0.041917,0.047153,0.052387,0.057620,0.062852,0.068082,0.073310,0.078536,0.083760,0.088981,0.094200,0.099417,0.104630,0.109841,0.115049,0.120254,0.125455,0.130653,0.135848,0.141038,0.146225,0.151408,0.156586,0.161761,0.166931,0.172096,0.177256,0.182412,0.187563,0.192708,0.197848,0.202983,0.208112,0.213236,0.218353,0.223465,0.228571,0.233670,0.238763,0.243849,0.248928,0.254001"
14,Silicon,8.15168,"0.000000,0.004491,0.008982,0.013473,0.017964,0.022454,0.026944,0.031433,0.035922,0.040410,0.044897,0.049383,0.053868,0.058352,0.062835,0.067317,0.071797,0.076276,0.080753,0.085229,0.089703,0.094175,0.098645,0.103113,0.107580,0.112044,0.116505,0.120965,0.125422,0.129876,0.134328,0.138777,0.143223,0.147667,0.152107,0.156545,0.160979,0.165410,0.169837,0.174262,0.178682,0.183099,0.187513,0.191922,0.196328,0.200730,0.205128,0.209521,0.213911,0.218296"
15,Phosphorus,10.486686,"0.000000,0.003960,0.007919,0.011879,0.015838,0.019797,0.023756,0.027715,0.031672,0.035630,0.039587,0.043543,0.047499,0.051454,0.055408,0.059361,0.063313,0.067264,0.071215,0.075164,0.079112,0.083058,0.087004,0.090948,0.094890,0.098831,0.102771,0.106709,0.110645,0.114580,0.118512,0.122443,0.126372,0.130299,0.134224,0.138147,0.142068,0.145986,0.149902,0.153816,0.157727,0.161636,0.165543,0.169447,0.173348,0.177246,0.181142,0.185034,0.188924,0.192811"
16,Sulfur,10.3600167,"0.000000,0.003984,0.007968,0.011951,0.015935,0.019918,0.023901,0.027883,0.031865,0.035847,0.039828,0.043808,0.047788,0.051767,0.055745,0.059722,0.063699,0.067674,0.071648,0.075621,0.079593,0.083563,0.087533,0.091501,0.095467,0.099432,0.103395,0.107357,0.111317,0.115275,0.119231,0.123186,0.127138,0.131089,0.135037,0.138984,0.142928,0.146869,0.150809,0.154746,0.158681,0.162613,0.166542,0.170469,0.174393,0.178315,0.182233,0.186149,0.190062,0.193971"
17,Chlorine,12.967633,"0.000000,0.003561,0.007122,0.010682,0.014243,0.017803,0.021363,0.024923,0.028483,0.032042,0.035601,0.039159,0.042717,0.046274,0.049831,0.053387,0.056943,0.060497,0.064051,0.067605,0.071157,0.074708,0.078259,0.081808,0.085356,0.088904,0.092450,0.095995,0.099539,0.103081,0.106622,0.110162,0.113701,0.117238,0.120773,0.124307,0.127840,0.131371,0.134900,0.138427,0.141953,0.145477,0.148999,0.152519,0.156037,0.159553,0.163068,0.166580,0.170090,0.173598"
18,Argon,15.7596119,"0.000000,0.003230,0.006460,0.009690,0.012920,0.016150,0.019379,0.022609,0.025838,0.029066,0.032295,0.035523,0.038751,0.041978,0.045205,0.048432,0.051658,0.054883,0.058108,0.061333,0.064556,0.067779,0.071002,0.074223,0.077444,0.080664,0.083883,0.087101,0.090319,0.093535,0.096750,0.099965,0.103178,0.106390,0.109602,0.112812,0.116020,0.119228,0.122434,0.125640,0.128843,0.132046,0.135247,0.138447,0.141645,0.144842,0.148037,0.151231,0.154423,0.157613"
19,Potassium,4.34066373,"0.000000,0.006155,0.012309,0.018463,0.024616,0.030769,0.036920,0.043069,0.049218,0.055364,0.061508,0.067650,0.073789,0.079926,0.086059,0.092189,0.098316,0.104439,0.110558,0.116673,0.122783,0.128889,0.134990,0.141085,0.147176,0.153261,0.159340,0.165413,0.171479,0.177540,0.183593,0.189640,0.195679,0.201711,0.207735,0.213752,0.219760,0.225760,0.231752,0.237734,0.243708,0.249672,0.255627,0.261573,0.267508,0.273433,0.279348,0.285253,0.291146,0.297029"
20,Calcium,6.113154921,"0.000000,0.005186,0.010372,0.015558,0.020743,0.025928,0.031112,0.036296,0.041478,0.046659,0.051839,0.057018,0.062194,0.067370,0.072543,0.077715,0.082884,0.088052,0.093216,0.098379,0.103539,0.108695,0.113849,0.119000,0.124148,0.129293,0.134434,0.139571,0.144704,0.149834,0.154960,0.160081,0.165198,0.170311,0.175419,0.180523,0.185621,0.190715,0.195803,0.200886,0.205964,0.211036,0.216103,0.221164,0.226218,0.231267,0.236310,0.241346,0.246375,0.251398"
21,Scandium,6.56149,"0.000000,0.005006,0.010012,0.015017,0.020022,0.025027,0.030031,0.035034,0.040037,0.045038,0.050038,0.055037,0.060035,0.065031,0.070025,0.075018,0.080009,0.084998,0.089984,0.094969,0.099951,0.104930,0.109907,0.114882,0.119853,0.124821,0.129786,0.134748,0.139707,0.144662,0.149613,0.154561,0.159505,0.164445,0.169380,0.174312,0.179239,0.184161,0.189079,0.193992,0.198901,0.203804,0.208702,0.213595,0.218483,0.223365,0.228242,0.233113,0.237978,0.242837"
22,Titanium,6.82812,"0.000000,0.004907,0.009814,0.014721,0.019628,0.024534,0.029439,0.034344,0.039247,0.044150,0.049052,0.053953,0.058852,0.063750,0.068647,0.073541,0.078434,0.083326,0.088215,0.093102,0.097986,0.102869,0.107749,0.112626,0.117501,0.122372,0.127241,0.132107,0.136969,0.141829,0.146685,0.151537,0.156386,0.161231,0.166072,0.170909,0.175742,0.180570,0.185395,0.190214,0.195030,0.199840,0.204646,0.209447,0.214243,0.219033,0.223819,0.228599,0.233373,0.238142"
23,Vanadium,6.746187,"0.000000,0.004937,0.009874,0.014810,0.019746,0.024682,0.029617,0.034551,0.039485,0.044418,0.049349,0.054279,0.059208,0.064136,0.069062,0.073986,0.078908,0.083829,0.088747,0.093664,0.098578,0.103489,0.108398,0.113305,0.118209,0.123109,0.128007,0.132902,0.137793,0.142682,0.147566,0.152447,0.157325,0.162198,0.167068,0.171933,0.176794,0.181651,0.186504,0.191352,0.196195,0.201034,0.205867,0.210696,0.215519,0.220338,0.225151,0.229958,0.234760,0.239556"
24,Chromium,6.76651,"0.000000,0.004929,0.009859,0.014788,0.019717,0.024645,0.029573,0.034500,0.039426,0.044351,0.049275,0.054198,0.059119,0.064039,0.068958,0.073875,0.078790,0.083703,0.088614,0.093523,0.098430,0.103334,0.108236,0.113135,0.118032,0.122925,0.127816,0.132703,0.137588,0.142469,0.147346,0.152220,0.157090,0.161956,0.166819,0.171677,0.176531,0.181381,0.186227,0.191068,0.195904,0.200736,0.205562,0.210384,0.215201,0.220012,0.224818,0.229619,0.234413,0.239203"
25,Manganese,7.434038,"0.000000,0.004703,0.009406,0.014108,0.018811,0.023513,0.028214,0.032915,0.037615,0.042314,0.047012,0.051710,0.056406,0.061100,0.065794,0.070486,0.075176,0.079865,0.084552,0.089237,0.093921,0.098602,0.103281,0.107957,0.112632,0.117303,0.121973,0.126639,0.131303,0.135963,0.140621,0.145276,0.149927,0.154575,0.159220,0.163861,0.168499,0.173133,0.177763,0.182389,0.187011,0.191629,0.196242,0.200852,0.205457,0.210057,0.214653,0.219244,0.223830,0.228411"
26,Iron,7.9024681,"0.000000,0.004561,0.009123,0.013684,0.018245,0.022805,0.027365,0.031925,0.036483,0.041041,0.045599,0.050155,0.054710,0.059264,0.063817,0.068368,0.072918,0.077467,0.082014,0.086559,0.091102,0.095644,0.100183,0.104721,0.109256,0.113789,0.118320,0.122848,0.127373,0.131896,0.136417,0.140934,0.145448,0.149960,0.154468,0.158973,0.163475,0.167973,0.172468,0.176960,0.181447,0.185931,0.190411,0.194887,0.199359,0.203827,0.208290,0.212749,0.217204,0.221654"
27,Cobalt,7.88101,"0.000000,0.004568,0.009135,0.013703,0.018270,0.022836,0.027402,0.031968,0.036533,0.041097,0.045661,0.050223,0.054784,0.059345,0.063904,0.068461,0.073017,0.077572,0.082125,0.086676,0.091226,0.095774,0.100319,0.104863,0.109404,0.113943,0.118480,0.123014,0.127546,0.132075,0.136601,0.141124,0.145645,0.150162,0.154677,0.159188,0.163695,0.168200,0.172701,0.177198,0.181691,0.186181,0.190667,0.195149,0.199626,0.204100,0.208569,0.213034,0.217495,0.221951"
28,Nickel,7.639878,"0.000000,0.004639,0.009278,0.013917,0.018556,0.023194,0.027831,0.032469,0.037105,0.041740,0.046375,0.051009,0.055641,0.060273,0.064903,0.069531,0.074159,0.078784,0.083408,0.088030,0.092650,0.097269,0.101885,0.106499,0.111110,0.115719,0.120326,0.124930,0.129532,0.134131,0.138726,0.143319,0.147909,0.152495,0.157079,0.161659,0.166235,0.170808,0.175377,0.179942,0.184504,0.189061,0.193615,0.198164,0.202709,0.207250,0.211786,0.216318,0.220845,0.225367"
29,Copper,7.72638,"0.000000,0.004613,0.009226,0.013839,0.018451,0.023064,0.027675,0.032286,0.036897,0.041506,0.046115,0.050723,0.055329,0.059935,0.064539,0.069142,0.073743,0.078343,0.082941,0.087537,0.092132,0.096724,0.101315,0.105903,0.110489,0.115073,0.119654,0.124233,0.128809,0.133382,0.137953,0.142520,0.147085,0.151646,0.156204,0.160759,0.165310,0.169858,0.174403,0.178943,0.183480,0.188013,0.192542,0.197066,0.201587,0.206103,0.210615,0.215122,0.219625,0.224123"
30,Zinc,9.394197,"0.000000,0.004184,0.008367,0.012551,0.016734,0.020917,0.025099,0.029281,0.033463,0.037644,0.041824,0.046004,0.050183,0.054360,0.058537,0.062713,0.066888,0.071062,0.075234,0.079405,0.083575,0.087743,0.091910,0.096075,0.100239,0.104400,0.108560,0.112718,0.116874,0.121028,0.125180,0.129329,0.133477,0.137622,0.141764,0.145905,0.150042,0.154177,0.158309,0.162439,0.166565,0.170689,0.174810,0.178928,0.183042,0.187154,0.191262,0.195366,0.199468,0.203565"
31,Gallium,5.999302,"0.000000,0.005235,0.010470,0.015705,0.020939,0.026173,0.031406,0.036638,0.041869,0.047099,0.052328,0.057555,0.062781,0.068005,0.073227,0.078447,0.083665,0.088881,0.094094,0.099305,0.104513,0.109718,0.114920,0.120119,0.125315,0.130507,0.135695,0.140880,0.146061,0.151238,0.156411,0.161580,0.166744,0.171904,0.177058,0.182208,0.187354,0.192493,0.197628,0.202757,0.207881,0.212999,0.218111,0.223217,0.228317,0.233411,0.238498,0.243579,0.248653,0.253721"
32,Germanium,7.899435,"0.000000,0.004562,0.009125,0.013687,0.018248,0.022810,0.027371,0.031931,0.036490,0.041049,0.045607,0.050164,0.054720,0.059275,0.063829,0.068381,0.072932,0.077482,0.082029,0.086576,0.091120,0.095662,0.100203,0.104741,0.109277,0.113811,0.118342,0.122871,0.127398,0.131922,0.136443,0.140961,0.145476,0.149988,0.154498,0.159003,0.163506,0.168005,0.172501,0.176993,0.181482,0.185966,0.190447,0.194924,0.199397,0.203865,0.208330,0.212790,0.217245,0.221696"
33,Arsenic,9.78855,"0.000000,0.004098,0.008197,0.012295,0.016393,0.020491,0.024589,0.028686,0.032782,0.036878,0.040973,0.045068,0.049162,0.053255,0.057347,0.061439,0.065529,0.069618,0.073706,0.077793,0.081878,0.085962,0.090045,0.094126,0.098205,0.102283,0.106359,0.110434,0.114506,0.118577,0.122645,0.126712,0.130776,0.134838,0.138898,0.142956,0.147011,0.151064,0.155114,0.159162,0.163207,0.167249,0.171288,0.175325,0.179358,0.183389,0.187416,0.191440,0.195461,0.199479"
34,Selenium,9.752368,"0.000000,0.004106,0.008212,0.012318,0.016424,0.020529,0.024634,0.028739,0.032843,0.036946,0.041049,0.045152,0.049253,0.053354,0.057454,0.061552,0.065650,0.069747,0.073842,0.077937,0.082030,0.086121,0.090211,0.094300,0.098387,0.102472,0.106556,0.110638,0.114717,0.118795,0.122871,0.126945,0.131017,0.135087,0.139154,0.143219,0.147282,0.151342,0.155399,0.159454,0.163506,0.167556,0.171602,0.175646,0.179687,0.183725,0.187759,0.191791,0.195819,0.199844"
35,Bromine,11.81381,"0.000000,0.003731,0.007461,0.011192,0.014922,0.018652,0.022382,0.026112,0.029841,0.033570,0.037298,0.041026,0.044753,0.048480,0.052206,0.055931,0.059656,0.063379,0.067102,0.070824,0.074545,0.078264,0.081983,0.085701,0.089417,0.093132,0.096846,0.100558,0.104269,0.107979,0.111687,0.115394,0.119099,0.122802,0.126503,0.130203,0.133901,0.137597,0.141292,0.144984,0.148674,0.152362,0.156048,0.159732,0.163414,0.167093,0.170770,0.174445,0.178117,0.181787"
36,Krypton,13.9996055,"0.000000,0.003427,0.006854,0.010281,0.013708,0.017135,0.020561,0.023987,0.027413,0.030839,0.034264,0.037689,0.041114,0.044537,0.047961,0.051384,0.054806,0.058228,0.061649,0.065069,0.068488,0.071907,0.075325,0.078742,0.082158,0.085573,0.088987,0.092400,0.095811,0.099222,0.102632,0.106040,0.109447,0.112853,0.116258,0.119661,0.123063,0.126463,0.129862,0.133259,0.136655,0.140049,0.143441,0.146832,0.150221,0.153609,0.156994,0.160378,0.163760,0.167139"
37,Rubidium,4.1771281,"0.000000,0.006274,0.012548,0.018821,0.025093,0.031365,0.037635,0.043904,0.050171,0.056436,0.062699,0.068959,0.075217,0.081472,0.087723,0.093971,0.100216,0.106456,0.112692,0.118924,0.125151,0.131373,0.137590,0.143802,0.150008,0.156208,0.162402,0.168589,0.174770,0.180944,0.187111,0.193270,0.199422,0.205566,0.211702,0.217830,0.223949,0.230059,0.236160,0.242252,0.248334,0.254407,0.260469,0.266522,0.272563,0.278594,0.284614,0.290623,0.296621,0.302607"
38,Strontium,5.69486745,"0.000000,0.005373,0.010746,0.016119,0.021492,0.026863,0.032234,0.037604,0.042973,0.048341,0.053707,0.059072,0.064435,0.069796,0.075155,0.080512,0.085867,0.091219,0.096569,0.101916,0.107259,0.112600,0.117938,0.123272,0.128602,0.133929,0.139252,0.144571,0.149886,0.155196,0.160502,0.165803,0.171100,0.176392,0.181678,0.186959,0.192235,0.197505,0.202770,0.208029,0.213281,0.218528,0.223768,0.229002,0.234229,0.239450,0.244663,0.249870,0.255069,0.260261"
39,Yttrium,6.21726,"0.000000,0.005143,0.010285,0.015427,0.020569,0.025710,0.030851,0.035991,0.041129,0.046267,0.051404,0.056539,0.061672,0.066804,0.071934,0.077063,0.082189,0.087313,0.092435,0.097554,0.102671,0.107785,0.112896,0.118005,0.123110,0.128212,0.133310,0.138405,0.143496,0.148584,0.153667,0.158747,0.163822,0.168893,0.173959,0.179021,0.184078,0.189131,0.194178,0.199220,0.204257,0.209289,0.214314,0.219335,0.224349,0.229358,0.234360,0.239357,0.244346,0.249330"
40,Zirconium,6.634126,"0.000000,0.004978,0.009957,0.014935,0.019912,0.024890,0.029866,0.034842,0.039817,0.044791,0.049764,0.054735,0.059706,0.064674,0.069642,0.074607,0.079571,0.084532,0.089492,0.094449,0.099404,0.104357,0.109306,0.114254,0.119198,0.124140,0.129078,0.134013,0.138945,0.143873,0.148798,0.153719,0.158637,0.163550,0.168459,0.173364,0.178265,0.183162,0.188054,0.192941,0.197823,0.202701,0.207574,0.212441,0.217303,0.222160,0.227011,0.231857,0.236697,0.241531"
41,Niobium,6.75885,"0.000000,0.004932,0.009864,0.014796,0.019728,0.024659,0.029589,0.034519,0.039448,0.044376,0.049303,0.054228,0.059153,0.064076,0.068997,0.073917,0.078835,0.083750,0.088664,0.093576,0.098486,0.103393,0.108297,0.113199,0.118098,0.122995,0.127888,0.132778,0.137665,0.142549,0.147429,0.152305,0.157178,0.162047,0.166912,0.171774,0.176630,0.181483,0.186331,0.191175,0.196014,0.200848,0.205677,0.210501,0.215321,0.220135,0.224943,0.229746,0.234544,0.239336"
42,Molybdenum,7.09243,"0.000000,0.004815,0.009630,0.014444,0.019258,0.024072,0.028885,0.033698,0.038510,0.043320,0.048130,0.052939,0.057747,0.062553,0.067357,0.072161,0.076962,0.081762,0.086560,0.091355,0.096149,0.100940,0.105730,0.110516,0.115300,0.120082,0.124860,0.129636,0.134409,0.139178,0.143945,0.148708,0.153468,0.158224,0.162976,0.167725,0.172469,0.177210,0.181947,0.186679,0.191407,0.196131,0.200850,0.205564,0.210274,0.214979,0.219678,0.224373,0.229063,0.233747"
43,Technetium,7.11938,"0.000000,0.004806,0.009611,0.014417,0.019222,0.024027,0.028831,0.033634,0.038437,0.043238,0.048039,0.052839,0.057637,0.062434,0.067230,0.072024,0.076817,0.081607,0.086396,0.091183,0.095967,0.100750,0.105530,0.110308,0.115083,0.119855,0.124625,0.129392,0.134156,0.138917,0.143674,0.148428,0.153179,0.157926,0.162670,0.167410,0.172146,0.176878,0.181606,0.186330,0.191049,0.195764,0.200474,0.205180,0.209881,0.214578,0.219269,0.223955,0.228636,0.233312"
44,Ruthenium,7.3605,"0.000000,0.004726,0.009453,0.014179,0.018904,0.023630,0.028355,0.033079,0.037802,0.042525,0.047246,0.051967,0.056686,0.061404,0.066121,0.070837,0.075550,0.080262,0.084973,0.089681,0.094387,0.099091,0.103793,0.108493,0.113190,0.117885,0.122577,0.127267,0.131953,0.136637,0.141317,0.145995,0.150669,0.155339,0.160007,0.164670,0.169330,0.173987,0.178639,0.183287,0.187932,0.192572,0.197207,0.201839,0.206466,0.211088,0.215705,0.220318,0.224926,0.229529"
45,Rhodium,7.4589,"0.000000,0.004695,0.009390,0.014085,0.018779,0.023473,0.028167,0.032860,0.037552,0.042243,0.046934,0.051623,0.056312,0.060999,0.065684,0.070369,0.075051,0.079732,0.084412,0.089089,0.093764,0.098438,0.103109,0.107778,0.112444,0.117109,0.121770,0.126429,0.131085,0.135738,0.140388,0.145035,0.149679,0.154320,0.158957,0.163590,0.168221,0.172847,0.177469,0.182088,0.186703,0.191313,0.195919,0.200521,0.205119,0.209712,0.214300,0.218884,0.223463,0.228037"
46,Palladium,8.336839,"0.000000,0.004441,0.008882,0.013323,0.017763,0.022203,0.026643,0.031082,0.035521,0.039959,0.044396,0.048832,0.053267,0.057701,0.062134,0.066566,0.070997,0.075426,0.079853,0.084279,0.088704,0.093126,0.097547,0.101966,0.106383,0.110798,0.115210,0.119621,0.124028,0.128434,0.132837,0.137237,0.141635,0.146030,0.150422,0.154811,0.159197,0.163579,0.167959,0.172335,0.176708,0.181078,0.185443,0.189805,0.194164,0.198518,0.202869,0.207216,0.211558,0.215897"
47,Silver,7.576234,"0.000000,0.004659,0.009317,0.013975,0.018633,0.023291,0.027948,0.032605,0.037260,0.041915,0.046569,0.051222,0.055874,0.060525,0.065174,0.069822,0.074469,0.079114,0.083757,0.088398,0.093038,0.097675,0.102310,0.106943,0.111574,0.116202,0.120828,0.125451,0.130072,0.134689,0.139304,0.143916,0.148524,0.153130,0.157732,0.162330,0.166925,0.171517,0.176104,0.180688,0.185268,0.189844,0.194416,0.198984,0.203547,0.208106,0.212660,0.217210,0.221755,0.226295"
48,Cadmium,8.99382,"0.000000,0.004276,0.008551,0.012827,0.017102,0.021377,0.025652,0.029926,0.034199,0.038472,0.042744,0.047016,0.051286,0.055556,0.059825,0.064092,0.068359,0.072624,0.076887,0.081150,0.085411,0.089670,0.093928,0.098184,0.102438,0.106690,0.110941,0.115189,0.119435,0.123679,0.127921,0.132160,0.136397,0.140632,0.144864,0.149093,0.153320,0.157543,0.161764,0.165982,0.170197,0.174409,0.178618,0.182823,0.187025,0.191223,0.195419,0.199610,0.203798,0.207982"
49,Indium,5.7863558,"0.000000,0.005331,0.010661,0.015991,0.021321,0.026650,0.031979,0.037306,0.042632,0.047958,0.053281,0.058604,0.063924,0.069243,0.074560,0.079875,0.085187,0.090497,0.095805,0.101110,0.106411,0.111710,0.117006,0.122298,0.127587,0.132872,0.138154,0.143431,0.148705,0.153974,0.159239,0.164499,0.169755,0.175006,0.180252,0.185493,0.190728,0.195958,0.201183,0.206402,0.211614,0.216821,0.222022,0.227217,0.232405,0.237586,0.242761,0.247928,0.253089,0.258242"
50,Tin,7.343918,"0.000000,0.004732,0.009463,0.014195,0.018926,0.023656,0.028387,0.033116,0.037845,0.042573,0.047300,0.052026,0.056750,0.061474,0.066196,0.070916,0.075635,0.080353,0.085068,0.089782,0.094493,0.099203,0.103910,0.108615,0.113318,0.118018,0.122715,0.127409,0.132101,0.136790,0.141476,0.146158,0.150837,0.155513,0.160186,0.164855,0.169520,0.174181,0.178838,0.183492,0.188141,0.192786,0.197427,0.202063,0.206695,0.211322,0.215945,0.220563,0.225175,0.229783"
51,Antimony,8.608389,"0.000000,0.004370,0.008741,0.013111,0.017481,0.021850,0.026219,0.030588,0.034956,0.039324,0.043690,0.048056,0.052421,0.056785,0.061148,0.065509,0.069870,0.074229,0.078586,0.082943,0.087297,0.091650,0.096001,0.100350,0.104698,0.109043,0.113386,0.117728,0.122066,0.126403,0.130737,0.135069,0.139398,0.143724,0.148048,0.152369,0.156687,0.161002,0.165313,0.169622,0.173928,0.178230,0.182528,0.186824,0.191115,0.195403,0.199688,0.203968,0.208245,0.212517"
52,Tellurium,9.009808,"0.000000,0.004272,0.008544,0.012815,0.017087,0.021358,0.025629,0.029899,0.034169,0.038438,0.042706,0.046974,0.051241,0.055507,0.059772,0.064035,0.068298,0.072559,0.076819,0.081078,0.085335,0.089591,0.093845,0.098097,0.102347,0.106596,0.110842,0.115087,0.119330,0.123570,0.127808,0.132044,0.136277,0.140508,0.144736,0.148962,0.153185,0.157405,0.161622,0.165836,0.170048,0.174256,0.178461,0.182662,0.186861,0.191056,0.195247,0.199435,0.203620,0.207800"
53,Iodine,10.451236,"0.000000,0.003966,0.007933,0.011899,0.015865,0.019831,0.023796,0.027761,0.031726,0.035690,0.039654,0.043617,0.047579,0.051541,0.055502,0.059461,0.063420,0.067378,0.071335,0.075291,0.079245,0.083199,0.087151,0.091101,0.095051,0.098998,0.102945,0.106889,0.110832,0.114773,0.118712,0.122650,0.126585,0.130519,0.134450,0.138380,0.142307,0.146232,0.150154,0.154075,0.157992,0.161908,0.165821,0.169731,0.173638,0.177543,0.181445,0.185344,0.189241,0.193134"
54,Xenon,12.1298437,"0.000000,0.003682,0.007363,0.011045,0.014727,0.018408,0.022089,0.025770,0.029450,0.033130,0.036809,0.040488,0.044167,0.047845,0.051522,0.055198,0.058874,0.062549,0.066223,0.069897,0.073569,0.077240,0.080910,0.084579,0.088247,0.091914,0.095580,0.099244,0.102907,0.106568,0.110229,0.113887,0.117544,0.121200,0.124853,0.128505,0.132156,0.135804,0.139451,0.143096,0.146739,0.150380,0.154019,0.157655,0.161290,0.164923,0.168553,0.172181,0.175806,0.179430"
55,Cesium,3.89390572743,"0.000000,0.006498,0.012996,0.019493,0.025990,0.032485,0.038979,0.045472,0.051962,0.058450,0.064936,0.071419,0.077899,0.084376,0.090849,0.097318,0.103784,0.110244,0.116701,0.123152,0.129598,0.136038,0.142473,0.148902,0.155325,0.161741,0.168150,0.174552,0.180947,0.187334,0.193713,0.200084,0.206446,0.212800,0.219145,0.225480,0.231806,0.238123,0.244429,0.250725,0.257010,0.263284,0.269548,0.275799,0.282040,0.288268,0.294484,0.300688,0.306879,0.313057"
56,Barium,5.2116646,"0.000000,0.005617,0.011234,0.016850,0.022466,0.028081,0.033695,0.039308,0.044920,0.050530,0.056139,0.061746,0.067352,0.072955,0.078555,0.084154,0.089749,0.095342,0.100932,0.106518,0.112102,0.117681,0.123257,0.128829,0.134397,0.139961,0.145520,0.151075,0.156625,0.162170,0.167710,0.173245,0.178774,0.184298,0.189815,0.195327,0.200833,0.206332,0.211825,0.217311,0.222790,0.228262,0.233727,0.239185,0.244635,0.250077,0.255511,0.260938,0.266356,0.271766"
57,Lanthanum,5.5769,"0.000000,0.005430,0.010859,0.016289,0.021718,0.027146,0.032573,0.038000,0.043425,0.048849,0.054272,0.059693,0.065112,0.070529,0.075945,0.081358,0.086768,0.092176,0.097582,0.102984,0.108384,0.113780,0.119173,0.124562,0.129948,0.135330,0.140707,0.146081,0.151451,0.156816,0.162176,0.167531,0.172882,0.178228,0.183568,0.188903,0.194232,0.199555,0.204873,0.210185,0.215490,0.220789,0.226082,0.231368,0.236647,0.241919,0.247184,0.252442,0.257692,0.262934"
58,Cerium,5.5386,"0.000000,0.005449,0.010897,0.016345,0.021793,0.027240,0.032686,0.038131,0.043575,0.049018,0.054459,0.059899,0.065336,0.070772,0.076206,0.081638,0.087067,0.092494,0.097917,0.103338,0.108756,0.114171,0.119582,0.124990,0.130394,0.135794,0.141190,0.146582,0.151969,0.157352,0.162731,0.168104,0.173473,0.178836,0.184194,0.189547,0.194894,0.200235,0.205570,0.210899,0.216222,0.221539,0.226849,0.232152,0.237448,0.242737,0.248019,0.253294,0.258561,0.263820"
59,Praseodymium,5.4702,"0.000000,0.005483,0.010965,0.016447,0.021928,0.027409,0.032889,0.038368,0.043846,0.049323,0.054798,0.060271,0.065743,0.071213,0.076680,0.082146,0.087608,0.093068,0.098526,0.103980,0.109431,0.114879,0.120324,0.125765,0.131202,0.136635,0.142064,0.147489,0.152909,0.158325,0.163736,0.169142,0.174543,0.179939,0.185329,0.190714,0.196093,0.201466,0.206833,0.212194,0.217548,0.222896,0.228237,0.233572,0.238899,0.244219,0.249532,0.254837,0.260135,0.265425"
60,Neodymium,5.52475,"0.000000,0.005455,0.010911,0.016366,0.021820,0.027274,0.032727,0.038179,0.043629,0.049079,0.054527,0.059974,0.065418,0.070861,0.076302,0.081740,0.087176,0.092609,0.098040,0.103467,0.108892,0.114313,0.119731,0.125145,0.130556,0.135963,0.141366,0.146764,0.152158,0.157548,0.162933,0.168313,0.173688,0.179058,0.184422,0.189781,0.195135,0.200482,0.205824,0.211159,0.216489,0.221811,0.227128,0.232437,0.237740,0.243035,0.248323,0.253604,0.258877,0.264143"
61,Promethium,5.58187,"0.000000,0.005427,0.010855,0.016282,0.021708,0.027134,0.032559,0.037983,0.043406,0.048827,0.054248,0.059666,0.065083,0.070498,0.075911,0.081321,0.086730,0.092135,0.097538,0.102938,0.108335,0.113729,0.119120,0.124507,0.129890,0.135270,0.140645,0.146017,0.151384,0.156746,0.162104,0.167458,0.172806,0.178149,0.183487,0.188820,0.194147,0.199468,0.204783,0.210093,0.215396,0.220693,0.225983,0.231267,0.236543,0.241813,0.247076,0.252332,0.257580,0.262820"
62,Samarium,5.643722,"0.000000,0.005398,0.010795,0.016192,0.021589,0.026985,0.032380,0.037774,0.043167,0.048559,0.053950,0.059339,0.064726,0.070111,0.075495,0.080876,0.086254,0.091631,0.097004,0.102375,0.107743,0.113107,0.118468,0.123826,0.129180,0.134531,0.139877,0.145220,0.150558,0.155892,0.161221,0.166546,0.171866,0.177181,0.182490,0.187794,0.193093,0.198386,0.203674,0.208955,0.214231,0.219500,0.224763,0.230019,0.235268,0.240511,0.245747,0.250975,0.256196,0.261410"
63,Europium,5.670385,"0.000000,0.005385,0.010770,0.016154,0.021538,0.026921,0.032304,0.037685,0.043066,0.048445,0.053823,0.059199,0.064574,0.069947,0.075317,0.080686,0.086052,0.091415,0.096776,0.102135,0.107490,0.112842,0.118191,0.123536,0.128878,0.134216,0.139550,0.144881,0.150207,0.155528,0.160845,0.166158,0.171465,0.176768,0.182065,0.187358,0.192644,0.197926,0.203201,0.208471,0.213734,0.218992,0.224243,0.229487,0.234725,0.239956,0.245180,0.250397,0.255607,0.260809"
64,Gadolinium,6.1498,"0.000000,0.005171,0.010341,0.015512,0.020682,0.025851,0.031020,0.036187,0.041354,0.046520,0.051684,0.056848,0.062009,0.067169,0.072327,0.077483,0.082638,0.087790,0.092939,0.098086,0.103231,0.108372,0.113511,0.118647,0.123780,0.128909,0.134035,0.139157,0.144276,0.149390,0.154501,0.159608,0.164710,0.169808,0.174901,0.179990,0.185074,0.190153,0.195226,0.200295,0.205358,0.210416,0.215468,0.220515,0.225555,0.230590,0.235618,0.240640,0.245656,0.250664"
65,Terbium,5.8638,"0.000000,0.005295,0.010590,0.015885,0.021180,0.026474,0.031767,0.037059,0.042350,0.047640,0.052929,0.058216,0.063501,0.068785,0.074067,0.079347,0.084624,0.089899,0.095172,0.100442,0.105709,0.110973,0.116234,0.121492,0.126746,0.131997,0.137244,0.142488,0.147727,0.152962,0.158193,0.163419,0.168641,0.173858,0.179071,0.184278,0.189480,0.194677,0.199868,0.205054,0.210233,0.215408,0.220576,0.225737,0.230893,0.236042,0.241184,0.246320,0.251448,0.256570"
66,Dysprosium,5.939061,"0.000000,0.005262,0.010523,0.015784,0.021045,0.026305,0.031565,0.036823,0.042081,0.047337,0.052593,0.057846,0.063098,0.068349,0.073597,0.078843,0.084088,0.089329,0.094569,0.099806,0.105040,0.110271,0.115499,0.120724,0.125945,0.131163,0.136378,0.141588,0.146795,0.151997,0.157196,0.162390,0.167580,0.172764,0.177945,0.183120,0.188290,0.193455,0.198614,0.203769,0.208917,0.214060,0.219196,0.224327,0.229452,0.234570,0.239681,0.244786,0.249884,0.254976"
67,Holmium,6.0215,"0.000000,0.005226,0.010451,0.015676,0.020901,0.026125,0.031348,0.036571,0.041792,0.047013,0.052232,0.057449,0.062665,0.067880,0.073092,0.078303,0.083511,0.088717,0.093921,0.099122,0.104321,0.109516,0.114709,0.119898,0.125085,0.130267,0.135447,0.140622,0.145794,0.150961,0.156125,0.161284,0.166439,0.171590,0.176735,0.181876,0.187012,0.192143,0.197268,0.202388,0.207503,0.212612,0.217715,0.222812,0.227903,0.232988,0.238067,0.243139,0.248204,0.253263"
68,Erbium,6.1077,"0.000000,0.005189,0.010377,0.015565,0.020753,0.025940,0.031126,0.036312,0.041496,0.046680,0.051862,0.057043,0.062222,0.067400,0.072576,0.077750,0.082921,0.088091,0.093258,0.098423,0.103585,0.108744,0.113900,0.119053,0.124203,0.129350,0.134493,0.139633,0.144769,0.149900,0.155028,0.160152,0.165271,0.170386,0.175497,0.180602,0.185703,0.190799,0.195889,0.200975,0.206055,0.211129,0.216198,0.221261,0.226318,0.231369,0.236413,0.241451,0.246483,0.251508"
69,Thulium,6.184402,"0.000000,0.005156,0.010312,0.015468,0.020624,0.025778,0.030933,0.036086,0.041238,0.046390,0.051540,0.056688,0.061836,0.066981,0.072125,0.077267,0.082407,0.087544,0.092680,0.097812,0.102943,0.108070,0.113195,0.118316,0.123435,0.128550,0.133662,0.138770,0.143874,0.148975,0.154072,0.159164,0.164253,0.169337,0.174416,0.179491,0.184561,0.189626,0.194687,0.199742,0.204791,0.209836,0.214874,0.219907,0.224934,0.229955,0.234970,0.239979,0.244981,0.249977"
70,Ytterbium,6.25416,"0.000000,0.005127,0.010255,0.015382,0.020508,0.025634,0.030760,0.035884,0.041008,0.046130,0.051252,0.056372,0.061490,0.066607,0.071722,0.076836,0.081947,0.087056,0.092163,0.097267,0.102369,0.107468,0.112564,0.117658,0.122748,0.127835,0.132919,0.137999,0.143075,0.148148,0.153217,0.158282,0.163342,0.168399,0.173451,0.178498,0.183541,0.188579,0.193612,0.198640,0.203662,0.208679,0.213691,0.218697,0.223698,0.228692,0.233681,0.238663,0.243639,0.248609"
71,Lutetium,5.425871,"0.000000,0.005505,0.011010,0.016514,0.022018,0.027521,0.033023,0.038525,0.044025,0.049524,0.055021,0.060517,0.066011,0.071503,0.076992,0.082480,0.087964,0.093447,0.098926,0.104402,0.109876,0.115345,0.120812,0.126275,0.131733,0.137188,0.142639,0.148086,0.153527,0.158965,0.164397,0.169825,0.175247,0.180664,0.186076,0.191481,0.196882,0.202276,0.207664,0.213045,0.218421,0.223789,0.229151,0.234506,0.239854,0.245194,0.250528,0.255853,0.261171,0.266481"
72,Hafnium,6.82507,"0.000000,0.004908,0.009816,0.014724,0.019632,0.024539,0.029445,0.034351,0.039256,0.044160,0.049063,0.053965,0.058865,0.063764,0.068662,0.073558,0.078452,0.083344,0.088234,0.093122,0.098008,0.102892,0.107773,0.112651,0.117527,0.122400,0.127269,0.132136,0.137000,0.141860,0.146717,0.151571,0.156420,0.161266,0.166108,0.170946,0.175780,0.180610,0.185435,0.190256,0.195073,0.199884,0.204691,0.209493,0.214290,0.219082,0.223868,0.228649,0.233424,0.238194"
73,Tantalum,7.549571,"0.000000,0.004667,0.009334,0.014000,0.018666,0.023332,0.027997,0.032662,0.037326,0.041989,0.046651,0.051313,0.055973,0.060632,0.065289,0.069945,0.074600,0.079253,0.083904,0.088554,0.093201,0.097847,0.102490,0.107131,0.111770,0.116406,0.121040,0.125671,0.130300,0.134926,0.139548,0.144168,0.148784,0.153398,0.158007,0.162614,0.167217,0.171816,0.176412,0.181003,0.185591,0.190175,0.194755,0.199330,0.203901,0.208467,0.213029,0.217587,0.222139,0.226687"
74,Tungsten,7.86403,"0.000000,0.004573,0.009145,0.013717,0.018289,0.022861,0.027432,0.032003,0.036572,0.041142,0.045710,0.050277,0.054843,0.059409,0.063972,0.068535,0.073096,0.077656,0.082214,0.086770,0.091324,0.095877,0.100427,0.104976,0.109522,0.114066,0.118607,0.123146,0.127683,0.132217,0.136748,0.141276,0.145801,0.150323,0.154842,0.159358,0.163870,0.168379,0.172885,0.177387,0.181885,0.186379,0.190870,0.195356,0.199839,0.204317,0.208791,0.213261,0.217726,0.222186"
75,Rhenium,7.83352,"0.000000,0.004581,0.009163,0.013744,0.018325,0.022905,0.027485,0.032065,0.036644,0.041222,0.045799,0.050375,0.054950,0.059524,0.064097,0.068668,0.073238,0.077806,0.082373,0.086938,0.091501,0.096063,0.100622,0.105179,0.109734,0.114287,0.118837,0.123385,0.127930,0.132472,0.137012,0.141549,0.146083,0.150613,0.155141,0.159665,0.164186,0.168704,0.173218,0.177728,0.182235,0.186738,0.191237,0.195732,0.200222,0.204709,0.209191,0.213669,0.218143,0.222611"
76,Osmium,8.43823,"0.000000,0.004414,0.008828,0.013242,0.017656,0.022070,0.026482,0.030895,0.035307,0.039718,0.044128,0.048538,0.052946,0.057354,0.061760,0.066166,0.070569,0.074972,0.079373,0.083773,0.088171,0.092567,0.096961,0.101354,0.105744,0.110133,0.114519,0.118903,0.123285,0.127664,0.132041,0.136415,0.140787,0.145156,0.149522,0.153885,0.158245,0.162603,0.166956,0.171307,0.175654,0.179998,0.184339,0.188676,0.193009,0.197338,0.201664,0.205985,0.210303,0.214616"
77,Iridium,8.96702,"0.000000,0.004282,0.008564,0.012846,0.017128,0.021409,0.025690,0.029970,0.034250,0.038530,0.042808,0.047086,0.051363,0.055639,0.059914,0.064188,0.068460,0.072732,0.077002,0.081271,0.085538,0.089804,0.094068,0.098330,0.102590,0.106849,0.111105,0.115360,0.119613,0.123863,0.128111,0.132356,0.136600,0.140840,0.145079,0.149314,0.153547,0.157777,0.162004,0.166228,0.170449,0.174667,0.178881,0.183093,0.187301,0.191505,0.195707,0.199904,0.204098,0.208288"
78,Platinum,8.95883,"0.000000,0.004284,0.008568,0.012852,0.017136,0.021419,0.025702,0.029984,0.034266,0.038547,0.042828,0.047108,0.051386,0.055664,0.059941,0.064217,0.068492,0.072765,0.077037,0.081308,0.085577,0.089844,0.094110,0.098375,0.102637,0.106897,0.111156,0.115413,0.119667,0.123919,0.128169,0.132417,0.136662,0.140904,0.145144,0.149382,0.153616,0.157848,0.162077,0.166303,0.170526,0.174746,0.178962,0.183176,0.187385,0.191592,0.195795,0.199994,0.204190,0.208382"
79,Gold,9.225554,"0.000000,0.004222,0.008443,0.012665,0.016886,0.021107,0.025328,0.029548,0.033767,0.037986,0.042204,0.046422,0.050639,0.054855,0.059069,0.063283,0.067496,0.071707,0.075918,0.080126,0.084334,0.088540,0.092744,0.096947,0.101148,0.105347,0.109544,0.113739,0.117933,0.122124,0.126313,0.130499,0.134684,0.138866,0.143045,0.147222,0.151397,0.155569,0.159737,0.163903,0.168067,0.172227,0.176384,0.180538,0.184688,0.188836,0.192980,0.197121,0.201258,0.205391"
80,Mercury,10.437504,"0.000000,0.003969,0.007938,0.011907,0.015875,0.019844,0.023812,0.027780,0.031747,0.035714,0.039680,0.043646,0.047610,0.051575,0.055538,0.059500,0.063462,0.067422,0.071382,0.075340,0.079297,0.083253,0.087208,0.091161,0.095113,0.099063,0.103012,0.106959,0.110904,0.114848,0.118790,0.122730,0.126668,0.130604,0.134538,0.138470,0.142400,0.146327,0.150252,0.154175,0.158095,0.162013,0.165929,0.169841,0.173751,0.177659,0.181563,0.185465,0.189364,0.193259"
81,Thallium,6.1082873,"0.000000,0.005188,0.010376,0.015564,0.020752,0.025939,0.031125,0.036310,0.041494,0.046678,0.051860,0.057040,0.062219,0.067397,0.072572,0.077746,0.082917,0.088087,0.093253,0.098418,0.103580,0.108739,0.113895,0.119048,0.124197,0.129344,0.134487,0.139626,0.144762,0.149893,0.155021,0.160144,0.165264,0.170378,0.175488,0.180594,0.185694,0.190790,0.195880,0.200965,0.206045,0.211119,0.216188,0.221250,0.226307,0.231358,0.236402,0.241440,0.246472,0.251496"
82,Lead,7.4166799,"0.000000,0.004708,0.009417,0.014125,0.018833,0.023540,0.028247,0.032953,0.037659,0.042363,0.047067,0.051770,0.056471,0.061172,0.065871,0.070568,0.075264,0.079958,0.084651,0.089341,0.094030,0.098717,0.103401,0.108083,0.112763,0.117440,0.122114,0.126786,0.131455,0.136121,0.140785,0.145445,0.150101,0.154755,0.159405,0.164051,0.168694,0.173333,0.177968,0.182600,0.187227,0.191850,0.196469,0.201083,0.205693,0.210299,0.214900,0.219496,0.224087,0.228673"
83,Bismuth,7.285516,"0.000000,0.004751,0.009501,0.014251,0.019001,0.023751,0.028500,0.033248,0.037996,0.042743,0.047489,0.052233,0.056977,0.061719,0.066460,0.071200,0.075937,0.080673,0.085408,0.090140,0.094870,0.099598,0.104324,0.109048,0.113769,0.118487,0.123203,0.127916,0.132626,0.137334,0.142038,0.146739,0.151436,0.156130,0.160821,0.165508,0.170191,0.174871,0.179546,0.184217,0.188885,0.193548,0.198206,0.202860,0.207510,0.212155,0.216795,0.221430,0.226060,0.230686"
84,Polonium,8.41807,"0.000000,0.004420,0.008839,0.013258,0.017677,0.022096,0.026514,0.030932,0.035349,0.039765,0.044181,0.048596,0.053010,0.057422,0.061834,0.066245,0.070654,0.075062,0.079468,0.083873,0.088276,0.092677,0.097077,0.101475,0.105870,0.110264,0.114655,0.119045,0.123432,0.127816,0.132198,0.136578,0.140954,0.145328,0.149700,0.154068,0.158433,0.162795,0.167154,0.171510,0.175862,0.180211,0.184557,0.188899,0.193237,0.197571,0.201902,0.206228,0.210551,0.214869"
85,Astatine,9.31751,"0.000000,0.004201,0.008402,0.012602,0.016802,0.021003,0.025202,0.029401,0.033600,0.037798,0.041996,0.046193,0.050388,0.054583,0.058778,0.062971,0.067162,0.071353,0.075543,0.079731,0.083918,0.088103,0.092286,0.096469,0.100649,0.104828,0.109004,0.113179,0.117352,0.121523,0.125691,0.129858,0.134022,0.138183,0.142343,0.146499,0.150654,0.154805,0.158954,0.163100,0.167243,0.171383,0.175520,0.179654,0.183785,0.187913,0.192037,0.196158,0.200276,0.204390"
86,Radon,10.7485,"0.000000,0.003911,0.007822,0.011733,0.015644,0.019555,0.023465,0.027375,0.031284,0.035194,0.039102,0.043010,0.046917,0.050824,0.054729,0.058634,0.062538,0.066441,0.070343,0.074244,0.078144,0.082043,0.085940,0.089836,0.093731,0.097624,0.101516,0.105406,0.109295,0.113182,0.117067,0.120950,0.124832,0.128711,0.132589,0.136465,0.140338,0.144210,0.148079,0.151946,0.155811,0.159673,0.163533,0.167390,0.171245,0.175097,0.178946,0.182793,0.186637,0.190478"
87,Francium,4.0727411,"0.000000,0.006354,0.012707,0.019061,0.025413,0.031764,0.038114,0.044463,0.050809,0.057154,0.063496,0.069836,0.076173,0.082507,0.088837,0.095164,0.101487,0.107806,0.114121,0.120431,0.126736,0.133036,0.139331,0.145620,0.151903,0.158180,0.164451,0.170715,0.176972,0.183222,0.189465,0.195700,0.201927,0.208146,0.214356,0.220558,0.226751,0.232935,0.239109,0.245274,0.251429,0.257573,0.263708,0.269831,0.275944,0.282046,0.288136,0.294214,0.300281,0.306336"
88,Radium,5.2784239,"0.000000,0.005581,0.011162,0.016743,0.022323,0.027903,0.033481,0.039059,0.044635,0.050210,0.055784,0.061355,0.066925,0.072493,0.078058,0.083621,0.089181,0.094739,0.100294,0.105845,0.111393,0.116938,0.122479,0.128017,0.133550,0.139079,0.144604,0.150124,0.155640,0.161151,0.166656,0.172157,0.177652,0.183142,0.188626,0.194104,0.199576,0.205042,0.210501,0.215954,0.221400,0.226839,0.232272,0.237697,0.243114,0.248524,0.253926,0.259321,0.264707,0.270085"
89,Actinium,5.380235,"0.000000,0.005528,0.011056,0.016584,0.022111,0.027637,0.033163,0.038688,0.044211,0.049733,0.055254,0.060773,0.066290,0.071805,0.077317,0.082828,0.088336,0.093841,0.099343,0.104843,0.110339,0.115831,0.121321,0.126806,0.132288,0.137765,0.143239,0.148708,0.154172,0.159632,0.165087,0.170536,0.175981,0.181420,0.186854,0.192282,0.197704,0.203120,0.208530,0.213933,0.219330,0.224720,0.230104,0.235480,0.240849,0.246211,0.251565,0.256911,0.262250,0.267581"
90,Thorium,6.3067,"0.000000,0.005106,0.010212,0.015317,0.020423,0.025527,0.030631,0.035735,0.040837,0.045938,0.051038,0.056137,0.061234,0.066330,0.071423,0.076515,0.081606,0.086693,0.091779,0.096862,0.101943,0.107021,0.112096,0.117169,0.122238,0.127304,0.132367,0.137426,0.142482,0.147534,0.152582,0.157627,0.162667,0.167703,0.172734,0.177761,0.182783,0.187801,0.192814,0.197821,0.202824,0.207821,0.212813,0.217799,0.222780,0.227755,0.232723,0.237686,0.242643,0.247593"
91,Protactinium,5.89,"0.000000,0.005284,0.010567,0.015850,0.021133,0.026415,0.031696,0.036976,0.042256,0.047534,0.052811,0.058086,0.063360,0.068632,0.073902,0.079170,0.084436,0.089700,0.094961,0.100219,0.105475,0.110727,0.115977,0.121223,0.126466,0.131705,0.136941,0.142173,0.147400,0.152624,0.157844,0.163059,0.168269,0.173475,0.178676,0.183872,0.189063,0.194249,0.199429,0.204603,0.209772,0.214935,0.220092,0.225243,0.230388,0.235526,0.240658,0.245783,0.250901,0.256012"
92,Uranium,6.19405,"0.000000,0.005152,0.010304,0.015456,0.020608,0.025758,0.030909,0.036058,0.041206,0.046354,0.051500,0.056644,0.061788,0.066929,0.072069,0.077207,0.082343,0.087476,0.092608,0.097736,0.102863,0.107986,0.113107,0.118224,0.123339,0.128450,0.133558,0.138662,0.143763,0.148860,0.153953,0.159041,0.164126,0.169206,0.174282,0.179353,0.184419,0.189480,0.194537,0.199588,0.204634,0.209674,0.214709,0.219739,0.224762,0.229779,0.234791,0.239796,0.244794,0.249787"
93,Neptunium,6.265608,"0.000000,0.005123,0.010245,0.015368,0.020490,0.025611,0.030732,0.035851,0.040970,0.046088,0.051205,0.056320,0.061434,0.066546,0.071657,0.076765,0.081872,0.086977,0.092079,0.097178,0.102276,0.107370,0.112462,0.117551,0.122636,0.127719,0.132798,0.137873,0.142945,0.148014,0.153078,0.158138,0.163194,0.168246,0.173294,0.178337,0.183375,0.188408,0.193437,0.198460,0.203479,0.208491,0.213499,0.218501,0.223497,0.228487,0.233471,0.238449,0.243421,0.248386"
94,Plutonium,6.02576,"0.000000,0.005224,0.010447,0.015670,0.020893,0.026116,0.031337,0.036558,0.041777,0.046996,0.052213,0.057429,0.062643,0.067856,0.073067,0.078275,0.083482,0.088686,0.093888,0.099087,0.104284,0.109478,0.114669,0.119856,0.125041,0.130222,0.135399,0.140573,0.145743,0.150908,0.156070,0.161228,0.166381,0.171529,0.176673,0.181812,0.186947,0.192076,0.197199,0.202318,0.207431,0.212538,0.217639,0.222735,0.227824,0.232907,0.237984,0.243055,0.248118,0.253175"
95,Americium,5.97381,"0.000000,0.005246,0.010493,0.015738,0.020984,0.026229,0.031473,0.036716,0.041959,0.047200,0.052440,0.057678,0.062915,0.068150,0.073383,0.078614,0.083843,0.089070,0.094294,0.099516,0.104735,0.109951,0.115164,0.120374,0.125580,0.130783,0.135983,0.141178,0.146370,0.151558,0.156742,0.161921,0.167096,0.172266,0.177432,0.182592,0.187748,0.192899,0.198044,0.203183,0.208317,0.213446,0.218568,0.223685,0.228795,0.233899,0.238997,0.244088,0.249172,0.254250"
96,Curium,5.992241,"0.000000,0.005238,0.010476,0.015714,0.020952,0.026188,0.031425,0.036660,0.041894,0.047127,0.052359,0.057589,0.062818,0.068045,0.073270,0.078493,0.083714,0.088933,0.094149,0.099363,0.104574,0.109782,0.114987,0.120189,0.125388,0.130583,0.135775,0.140963,0.146147,0.151327,0.156503,0.161674,0.166841,0.172004,0.177162,0.182315,0.187463,0.192605,0.197743,0.202875,0.208002,0.213122,0.218237,0.223346,0.228449,0.233546,0.238636,0.243720,0.248797,0.253867"
97,Berkelium,6.19785,"0.000000,0.005151,0.010301,0.015451,0.020601,0.025750,0.030899,0.036047,0.041194,0.046339,0.051484,0.056627,0.061769,0.066909,0.072047,0.077183,0.082317,0.087449,0.092579,0.097706,0.102831,0.107953,0.113072,0.118188,0.123301,0.128411,0.133517,0.138620,0.143719,0.148814,0.153906,0.158993,0.164076,0.169155,0.174229,0.179298,0.184363,0.189423,0.194478,0.199528,0.204572,0.209611,0.214645,0.219672,0.224694,0.229710,0.234720,0.239724,0.244721,0.249712"
98,Californium,6.281878,"0.000000,0.005116,0.010232,0.015348,0.020463,0.025578,0.030692,0.035805,0.040917,0.046029,0.051139,0.056247,0.061355,0.066460,0.071564,0.076666,0.081766,0.086864,0.091960,0.097053,0.102144,0.107232,0.112317,0.117399,0.122478,0.127554,0.132627,0.137696,0.142761,0.147823,0.152881,0.157935,0.162985,0.168030,0.173072,0.178108,0.183140,0.188167,0.193189,0.198207,0.203219,0.208225,0.213226,0.218222,0.223212,0.228196,0.233174,0.238146,0.243112,0.248071"
99,Einsteinium,6.3684,"0.000000,0.005081,0.010162,0.015243,0.020324,0.025403,0.030483,0.035561,0.040639,0.045715,0.050790,0.055864,0.060937,0.066008,0.071077,0.076145,0.081210,0.086273,0.091335,0.096393,0.101450,0.106503,0.111554,0.116602,0.121647,0.126689,0.131728,0.136763,0.141795,0.146823,0.151847,0.156867,0.161884,0.166896,0.171904,0.176907,0.181906,0.186900,0.191889,0.196873,0.201853,0.206827,0.211795,0.216758,0.221716,0.226668,0.231614,0.236554,0.241488,0.246416"
100,Fermium,6.5,"0.000000,0.005030,0.010059,0.015088,0.020117,0.025145,0.030173,0.035199,0.040225,0.045250,0.050274,0.055297,0.060318,0.065337,0.070355,0.075371,0.080386,0.085398,0.090408,0.095416,0.100421,0.105424,0.110424,0.115421,0.120416,0.125407,0.130395,0.135380,0.140362,0.145340,0.150314,0.155284,0.160251,0.165213,0.170172,0.175126,0.180075,0.185020,0.189961,0.194896,0.199827,0.204752,0.209673,0.214588,0.219497,0.224401,0.229300,0.234192,0.239079,0.243960"
101,Mendelevium,6.58,"0.000000,0.004999,0.009998,0.014996,0.019994,0.024992,0.029989,0.034985,0.039980,0.044975,0.049968,0.054960,0.059950,0.064939,0.069927,0.074913,0.079896,0.084878,0.089858,0.094836,0.099811,0.104783,0.109753,0.114721,0.119685,0.124646,0.129605,0.134560,0.139511,0.144460,0.149404,0.154345,0.159282,0.164215,0.169144,0.174069,0.178989,0.183905,0.188816,0.193723,0.198625,0.203521,0.208413,0.213299,0.218181,0.223056,0.227926,0.232791,0.237649,0.242502"
102,Nobelium,6.62621,"0.000000,0.004981,0.009963,0.014944,0.019924,0.024904,0.029884,0.034863,0.039841,0.044818,0.049793,0.054768,0.059741,0.064713,0.069683,0.074651,0.079618,0.084583,0.089545,0.094505,0.099463,0.104419,0.109372,0.114322,0.119269,0.124213,0.129155,0.134093,0.139027,0.143959,0.148886,0.153810,0.158730,0.163647,0.168559,0.173467,0.178371,0.183270,0.188165,0.193055,0.197940,0.202820,0.207696,0.212566,0.217431,0.222290,0.227144,0.231993,0.236835,0.241672"
103,Lawrencium,4.96,"0.000000,0.005758,0.011515,0.017272,0.023028,0.028784,0.034539,0.040292,0.046045,0.051795,0.057544,0.063291,0.069036,0.074779,0.080519,0.086257,0.091992,0.097723,0.103452,0.109177,0.114898,0.120616,0.126329,0.132039,0.137744,0.143444,0.149140,0.154830,0.160516,0.166196,0.171871,0.177540,0.183203,0.188860,0.194511,0.200156,0.205793,0.211424,0.217048,0.222665,0.228274,0.233876,0.239470,0.245056,0.250634,0.256204,0.261765,0.267317,0.272861,0.278396"
104,Rutherfordium,6.02,"0.000000,0.005226,0.010452,0.015678,0.020903,0.026128,0.031352,0.036575,0.041797,0.047018,0.052238,0.057456,0.062673,0.067888,0.073101,0.078313,0.083522,0.088728,0.093933,0.099135,0.104334,0.109530,0.114723,0.119913,0.125100,0.130283,0.135463,0.140639,0.145812,0.150980,0.156144,0.161304,0.166460,0.171611,0.176757,0.181898,0.187035,0.192166,0.197293,0.202413,0.207528,0.212638,0.217742,0.222840,0.227931,0.233017,0.238096,0.243169,0.248235,0.253294"
105,Dubnium,6.8,"0.000000,0.004917,0.009835,0.014751,0.019668,0.024584,0.029500,0.034415,0.039328,0.044242,0.049153,0.054064,0.058974,0.063882,0.068788,0.073693,0.078596,0.083497,0.088396,0.093293,0.098188,0.103080,0.107970,0.112858,0.117742,0.122624,0.127503,0.132378,0.137251,0.142120,0.146985,0.151848,0.156706,0.161561,0.166411,0.171258,0.176101,0.180939,0.185773,0.190602,0.195427,0.200247,0.205063,0.209873,0.214678,0.219478,0.224273,0.229063,0.233846,0.238624"
106,Seaborgium,7.8,"0.000000,0.004591,0.009182,0.013773,0.018364,0.022955,0.027544,0.032134,0.036722,0.041310,0.045897,0.050483,0.055068,0.059652,0.064234,0.068815,0.073395,0.077973,0.082550,0.087124,0.091697,0.096268,0.100837,0.105404,0.109969,0.114531,0.119091,0.123648,0.128203,0.132755,0.137304,0.141850,0.146394,0.150934,0.155471,0.160005,0.164536,0.169063,0.173586,0.178106,0.182622,0.187134,0.191642,0.196146,0.200646,0.205142,0.209634,0.214121,0.218603,0.223081"
107,Bohrium,7.7,"0.000000,0.004621,0.009242,0.013863,0.018483,0.023103,0.027723,0.032342,0.036960,0.041577,0.046194,0.050809,0.055424,0.060037,0.064649,0.069260,0.073869,0.078477,0.083083,0.087687,0.092289,0.096889,0.101488,0.106084,0.110677,0.115269,0.119858,0.124444,0.129028,0.133609,0.138187,0.142762,0.147335,0.151904,0.156469,0.161032,0.165591,0.170146,0.174698,0.179246,0.183790,0.188331,0.192867,0.197399,0.201927,0.206451,0.210970,0.215485,0.219995,0.224500"
108,Hassium,7.6,"0.000000,0.004651,0.009303,0.013954,0.018604,0.023255,0.027904,0.032554,0.037202,0.041850,0.046497,0.051142,0.055787,0.060430,0.065073,0.069713,0.074353,0.078990,0.083626,0.088260,0.092892,0.097523,0.102151,0.106777,0.111400,0.116021,0.120640,0.125256,0.129869,0.134480,0.139087,0.143692,0.148294,0.152892,0.157487,0.162078,0.166666,0.171251,0.175832,0.180409,0.184982,0.189551,0.194116,0.198676,0.203233,0.207785,0.212332,0.216875,0.221414,0.225947"
